Subject,Overall Accuracy,Training Accuracy (01T-03T),Evaluation Accuracy (04E-05E),N Training Trials,N Eval Trials,N Total Trials,01T,02T,03T,04E,05E
B01,0.6177536231884058,0.7063266166681726,0.4915332512315271,324,228,552,0.7745098039215687,0.6428571428571429,0.7016129032258065,0.5089285714285714,0.47413793103448276
B02,0.5383275261324042,0.5510858389157189,0.5038050185109009,329,245,574,0.5102040816326531,0.54,0.6030534351145038,0.4411764705882353,0.5664335664335665
B03,0.5190114068441065,0.5565014552302688,0.47413206262763785,296,230,526,0.5333333333333333,0.6022727272727273,0.5338983050847458,0.46153846153846156,0.48672566371681414
B04,0.6458923512747875,0.7327393688542799,0.5179950768186062,399,307,706,0.6324786324786325,0.689922480620155,0.8758169934640523,0.5424836601307189,0.4935064935064935
B05,0.5679389312977099,0.6272937275935563,0.48183760683760685,382,273,655,0.6407766990291263,0.6397058823529411,0.6013986013986014,0.5192307692307693,0.4444444444444444
B06,0.5879120879120879,0.6335250989633874,0.5397938276347805,295,251,546,0.6447368421052632,0.6588235294117647,0.5970149253731343,0.5620437956204379,0.5175438596491229
B07,0.6394557823129252,0.7489521215648806,0.47166355140186916,356,232,588,0.7850467289719626,0.6936936936936937,0.7681159420289855,0.4953271028037383,0.448
B08,0.5627240143369175,0.6253986404929801,0.47054334554334554,328,230,558,0.6363636363636364,0.5888888888888889,0.6509433962264151,0.4603174603174603,0.4807692307692308
B09,0.6387900355871886,0.7172975172975175,0.5210702341137123,317,245,562,0.6483516483516484,0.6813186813186813,0.8222222222222222,0.5652173913043478,0.47692307692307695
